faces/test_faces/017/IMG_2013_07_24_0166.JPG,3,7
faces/test_faces/030/IMG_2013_09_12_0280.JPG,3,7
faces/test_faces/003/IMG_2013_06_11_0032.mat,3,7
faces/test_faces/025/IMG_2013_07_24_0229.JPG,3,7
faces/test_faces/028/IMG_2013_09_12_0261.JPG,3,7
faces/test_faces/021/IMG_2013_07_24_0207.mat,3,7
faces/test_faces/022/IMG_2013_07_24_0213.JPG,3,7
faces/test_faces/018/IMG_2013_07_24_0179.JPG,3,7
faces/test_faces/019/IMG_2013_07_24_0190.mat,3,7
faces/test_faces/027/IMG_2013_07_24_0246.mat,3,7
faces/test_faces/004/IMG_2013_06_11_0035.JPG,3,7
faces/test_faces/024/IMG_2013_07_24_0226.mat,3,7
faces/test_faces/032/IMG_2013_09_12_0297.mat,3,7
faces/test_faces/026/IMG_2013_07_24_0237.JPG,3,7
faces/test_faces/014/IMG_2013_07_24_0138.JPG,3,7
faces/test_faces/020/IMG_2013_07_24_0194.mat,3,7
faces/test_faces/007/IMG_2013_06_11_0056.mat,3,7
faces/test_faces/023/IMG_2013_07_24_0215.mat,3,7
faces/test_faces/012/IMG_2013_07_24_0125.mat,3,7
faces/test_faces/002/IMG_2013_06_11_0022.mat,3,7
faces/test_faces/011/IMG_2013_07_24_0109.JPG,3,7
faces/test_faces/031/IMG_2013_09_12_0286.mat,3,7
faces/test_faces/029/IMG_2013_09_12_0271.JPG,3,7
faces/test_faces/013/IMG_2013_07_24_0128.mat,3,7
faces/test_faces/009/IMG_2013_06_11_0084.JPG,3,7
faces/test_faces/010/IMG_2013_06_11_0088.mat,3,7
faces/test_faces/016/IMG_2013_07_24_0150.JPG,3,7
faces/test_faces/001/IMG_2013_06_11_0066.JPG,3,7
faces/test_faces/005/IMG_2013_06_11_0040.mat,3,7
faces/test_faces/006/IMG_2013_06_11_0052.mat,3,7
